[{"MethodName":"Power","Parameters":[{"TypeName":"System.Int32","Value":"0"},{"TypeName":"System.Int32","Value":"0"}],"ResultTypeName":"System.Decimal","ExpectedResult":0.0},{"MethodName":"Power","Parameters":[{"TypeName":"System.Int32","Value":"1"},{"TypeName":"System.Int32","Value":"0"}],"ResultTypeName":"System.Decimal","ExpectedResult":1.0},{"MethodName":"Power","Parameters":[{"TypeName":"System.Int32","Value":"2145980844"},{"TypeName":"System.Int32","Value":"-2147483648"}],"ResultTypeName":"System.Decimal","ExpectedResult":0.000000000465987384181887879},{"MethodName":"Power","Parameters":[{"TypeName":"System.Int32","Value":"1"},{"TypeName":"System.Int32","Value":"-1"}],"ResultTypeName":"System.Decimal","ExpectedResult":1.0},{"MethodName":"Power","Parameters":[{"TypeName":"System.Int32","Value":"2145980844"},{"TypeName":"System.Int32","Value":"2147483647"}],"ResultTypeName":"System.Decimal","ExpectedResult":"System.ArgumentException"},{"MethodName":"Power","Parameters":[{"TypeName":"System.Int32","Value":"1"},{"TypeName":"System.Int32","Value":"1"}],"ResultTypeName":"System.Decimal","ExpectedResult":1.0},{"MethodName":"Power","Parameters":[{"TypeName":"System.Int32","Value":"0"},{"TypeName":"System.Int32","Value":"0"}],"ResultTypeName":"System.Decimal","ExpectedResult":0.0}]